分类,ID,名称,本地文件,像素,宽,高,文件字节,图片标题,来源页面,下载链接,作者,授权,授权链接,备注,搜索词,获取日期
01_国家,china,中国,01_国家/中国__china.jpg,2288 × 1712,2288,1712,754922,File:Great Wall of China July 2006.JPG,https://commons.wikimedia.org/wiki/File:Great_Wall_of_China_July_2006.JPG,https://upload.wikimedia.org/wikipedia/commons/f/fa/Great_Wall_of_China_July_2006.JPG?utm_source=commons.wikimedia.org&utm_campaign=imageinfo&utm_content=original,Velatrix,CC0,http://creativecommons.org/publicdomain/zero/1.0/deed.en,国家代表图：慕田峪长城,Great Wall Mutianyu,2026-09-27
01_国家,others,其他热门目的地,01_国家/其他热门目的地__others.jpg,1920 × 1262,1920,1262,867968,File:Bora bora 9601a.jpg,https://commons.wikimedia.org/wiki/File:Bora_bora_9601a.jpg,https://thumb.wikimedia.org/wikipedia/commons/thumb/6/6a/Bora_bora_9601a.jpg/1920px-Bora_bora_9601a.jpg?utm_source=commons.wikimedia.org&utm_campaign=imageinfo&utm_content=thumbnail,Yves Picq http://veton.picq.fr,CC BY-SA 3.0,https://creativecommons.org/licenses/by-sa/3.0,分类示意图：波拉波拉岛，不代表全部目的地；图库高清缩略版本，未裁剪；原图 3399×2235,Bora Bora lagoon,2026-09-27
01_国家,newzealand,新西兰,01_国家/新西兰__newzealand.jpg,1920 × 1358,1920,1358,1012677,File:Milford Sound Mitre Peak.JPG,https://commons.wikimedia.org/wiki/File:Milford_Sound_Mitre_Peak.JPG,https://thumb.wikimedia.org/wikipedia/commons/thumb/d/d9/Milford_Sound_Mitre_Peak.JPG/1920px-Milford_Sound_Mitre_Peak.JPG?utm_source=commons.wikimedia.org&utm_campaign=imageinfo&utm_content=thumbnail,MurielBendel,CC BY-SA 4.0,https://creativecommons.org/licenses/by-sa/4.0,国家代表图：米尔福德峡湾；图库高清缩略版本，未裁剪；原图 4500×3182,Milford Sound Mitre Peak,2026-09-27
01_国家,japan,日本,01_国家/日本__japan.jpg,3872 × 2592,3872,2592,8656785,File:Lake Kawaguchiko Sakura Mount Fuji 4.JPG,https://commons.wikimedia.org/wiki/File:Lake_Kawaguchiko_Sakura_Mount_Fuji_4.JPG,https://upload.wikimedia.org/wikipedia/commons/3/36/Lake_Kawaguchiko_Sakura_Mount_Fuji_4.JPG?utm_source=commons.wikimedia.org&utm_campaign=imageinfo&utm_content=original,Midori,CC BY 3.0,https://creativecommons.org/licenses/by/3.0,国家代表图：富士山与河口湖,Mount Fuji Lake Kawaguchi,2026-09-27
01_国家,thailand,泰国,01_国家/泰国__thailand.jpg,1920 × 1080,1920,1080,579087,File:Phra Thinang Chakri Maha Prasat (II) BKK.jpg,https://commons.wikimedia.org/wiki/File:Phra_Thinang_Chakri_Maha_Prasat_(II)_BKK.jpg,https://thumb.wikimedia.org/wikipedia/commons/thumb/b/be/Phra_Thinang_Chakri_Maha_Prasat_%28II%29_BKK.jpg/1920px-Phra_Thinang_Chakri_Maha_Prasat_%28II%29_BKK.jpg?utm_source=commons.wikimedia.org&utm_campaign=imageinfo&utm_content=thumbnail,"This Photo was taken by Supanut Arunoprayote.

Feel free to use any of my images, but please mention me as the author and may send me a message.  (สามารถใช้ภาพได้อิสระ แต่กรุณาใส่เครดิตผู้ถ่ายและอาจส่งข้อความบอกกล่าวด้วย) 



Please do not upload an updated image here without consultation with the Author. The author would like to make corrections only at his own source. This ensures that the changes are preserved.Please if you think that any changes should be required, please inform the author.Otherwise you can upload a new image with a new name. Please use one of the templates derivative or extract.",CC BY 4.0,https://creativecommons.org/licenses/by/4.0,国家代表图：曼谷大皇宫；图库高清缩略版本，未裁剪；原图 4700×2644,Grand Palace Bangkok panorama,2026-09-27
01_国家,australia,澳大利亚,01_国家/澳大利亚__australia.jpg,1920 × 1080,1920,1080,454497,"File:Sydney Opera House and Harbour Bridge, southeast view 20230224 1.jpg","https://commons.wikimedia.org/wiki/File:Sydney_Opera_House_and_Harbour_Bridge,_southeast_view_20230224_1.jpg",https://thumb.wikimedia.org/wikipedia/commons/thumb/0/0f/Sydney_Opera_House_and_Harbour_Bridge%2C_southeast_view_20230224_1.jpg/1920px-Sydney_Opera_House_and_Harbour_Bridge%2C_southeast_view_20230224_1.jpg?utm_source=commons.wikimedia.org&utm_campaign=imageinfo&utm_content=thumbnail,DXR,CC BY-SA 4.0,https://creativecommons.org/licenses/by-sa/4.0,国家代表图：悉尼港；图库高清缩略版本，未裁剪；原图 7924×4457,Sydney Opera House Harbour Bridge,2026-09-27
01_国家,usa,美国,01_国家/美国__usa.jpg,1920 × 1215,1920,1215,630332,File:Grand Canyon Powell Point Evening Light 02 2013.jpg,https://commons.wikimedia.org/wiki/File:Grand_Canyon_Powell_Point_Evening_Light_02_2013.jpg,https://thumb.wikimedia.org/wikipedia/commons/thumb/0/01/Grand_Canyon_Powell_Point_Evening_Light_02_2013.jpg/1920px-Grand_Canyon_Powell_Point_Evening_Light_02_2013.jpg?utm_source=commons.wikimedia.org&utm_campaign=imageinfo&utm_content=thumbnail,Tuxyso,CC BY-SA 3.0,https://creativecommons.org/licenses/by-sa/3.0,国家代表图：大峡谷；图库高清缩略版本，未裁剪；原图 4583×2899,Grand Canyon South Rim,2026-09-27
02_城市,sanya,三亚,02_城市/三亚__sanya.jpg,1920 × 1280,1920,1280,471128,File:亞龍灣 Yalong Bay - panoramio.jpg,https://commons.wikimedia.org/wiki/File:%E4%BA%9E%E9%BE%8D%E7%81%A3_Yalong_Bay_-_panoramio.jpg,https://thumb.wikimedia.org/wikipedia/commons/thumb/6/6e/%E4%BA%9E%E9%BE%8D%E7%81%A3_Yalong_Bay_-_panoramio.jpg/1920px-%E4%BA%9E%E9%BE%8D%E7%81%A3_Yalong_Bay_-_panoramio.jpg?utm_source=commons.wikimedia.org&utm_campaign=imageinfo&utm_content=thumbnail,lienyuan lee,CC BY 3.0,https://creativecommons.org/licenses/by/3.0,图库高清缩略版本，未裁剪；原图 5858×3906,Sanya Yalong Bay beach,2026-09-27
02_城市,shanghai,上海,02_城市/上海__shanghai.jpg,1920 × 1280,1920,1280,638468,File:Pudong skyline at dusk.jpg,https://commons.wikimedia.org/wiki/File:Pudong_skyline_at_dusk.jpg,https://thumb.wikimedia.org/wikipedia/commons/thumb/4/46/Pudong_skyline_at_dusk.jpg/1920px-Pudong_skyline_at_dusk.jpg?utm_source=commons.wikimedia.org&utm_campaign=imageinfo&utm_content=thumbnail,Lloyd Tudor,CC BY-SA 4.0,https://creativecommons.org/licenses/by-sa/4.0,图库高清缩略版本，未裁剪；原图 5337×3558,Shanghai Pudong skyline Bund,2026-09-27
02_城市,tokyo,东京,02_城市/东京__tokyo.jpg,1920 × 1080,1920,1080,602822,"File:Tokyo Tower, Minato City.jpg","https://commons.wikimedia.org/wiki/File:Tokyo_Tower,_Minato_City.jpg",https://thumb.wikimedia.org/wikipedia/commons/thumb/6/6d/Tokyo_Tower%2C_Minato_City.jpg/1920px-Tokyo_Tower%2C_Minato_City.jpg?utm_source=commons.wikimedia.org&utm_campaign=imageinfo&utm_content=thumbnail,David Kernan,CC BY 4.0,https://creativecommons.org/licenses/by/4.0,图库高清缩略版本，未裁剪；原图 5991×3370,Tokyo skyline Tokyo Tower,2026-09-27
02_城市,cn others,中国其他热门城市,02_城市/中国其他热门城市__cn others.jpg,1920 × 1272,1920,1272,557049,File:The famous Li River karsts now begin to show (35910345682).jpg,https://commons.wikimedia.org/wiki/File:The_famous_Li_River_karsts_now_begin_to_show_(35910345682).jpg,https://thumb.wikimedia.org/wikipedia/commons/thumb/4/4b/The_famous_Li_River_karsts_now_begin_to_show_%2835910345682%29.jpg/1920px-The_famous_Li_River_karsts_now_begin_to_show_%2835910345682%29.jpg?utm_source=commons.wikimedia.org&utm_campaign=imageinfo&utm_content=thumbnail,"shankar s. from Dubai, united arab emirates",CC BY 2.0,https://creativecommons.org/licenses/by/2.0,分类示意图：桂林漓江；图库高清缩略版本，未裁剪；原图 4928×3264,Guilin Li River landscape,2026-09-27
02_城市,kyoto,京都,02_城市/京都__kyoto.jpg,1920 × 1181,1920,1181,881000,"File:Kiyomizu-dera, Kyoto, November 2016 -01.jpg","https://commons.wikimedia.org/wiki/File:Kiyomizu-dera,_Kyoto,_November_2016_-01.jpg",https://thumb.wikimedia.org/wikipedia/commons/thumb/8/83/Kiyomizu-dera%2C_Kyoto%2C_November_2016_-01.jpg/1920px-Kiyomizu-dera%2C_Kyoto%2C_November_2016_-01.jpg?utm_source=commons.wikimedia.org&utm_campaign=imageinfo&utm_content=thumbnail,Martin Falbisoner,CC BY-SA 4.0,https://creativecommons.org/licenses/by-sa/4.0,图库高清缩略版本，未裁剪；原图 5852×3601,Kyoto Kiyomizu dera temple,2026-09-27
02_城市,ot others,其他热门项目,02_城市/其他热门项目__ot others.jpg,1920 × 1136,1920,1136,554575,"File:Skyline, Marina Bay, Singapur, 2023-08-17, DD 20.jpg","https://commons.wikimedia.org/wiki/File:Skyline,_Marina_Bay,_Singapur,_2023-08-17,_DD_20.jpg",https://thumb.wikimedia.org/wikipedia/commons/thumb/4/47/Skyline%2C_Marina_Bay%2C_Singapur%2C_2023-08-17%2C_DD_20.jpg/1920px-Skyline%2C_Marina_Bay%2C_Singapur%2C_2023-08-17%2C_DD_20.jpg?utm_source=commons.wikimedia.org&utm_campaign=imageinfo&utm_content=thumbnail,Diego Delso,CC BY-SA 4.0,https://creativecommons.org/licenses/by-sa/4.0,分类示意图：新加坡；图库高清缩略版本，未裁剪；原图 7294×4315,Singapore Marina Bay skyline,2026-09-27
02_城市,beijing,北京,02_城市/北京__beijing.jpg,1920 × 1080,1920,1080,1707261,File:Forbidden City Panorama 1.jpg,https://commons.wikimedia.org/wiki/File:Forbidden_City_Panorama_1.jpg,https://upload.wikimedia.org/wikipedia/commons/0/04/Forbidden_City_Panorama_1.jpg?utm_source=commons.wikimedia.org&utm_campaign=imageinfo&utm_content=thumbnail_unscaled,Tojan76,CC BY-SA 3.0,https://creativecommons.org/licenses/by-sa/3.0,图库高清缩略版本，未裁剪；原图 1920×1080,Forbidden City Beijing panorama,2026-09-27
02_城市,melbourne,墨尔本,02_城市/墨尔本__melbourne.jpg,1920 × 1421,1920,1421,475418,File:Yarra River and Southbank Bridge at sunset Melbourne Australia.jpg,https://commons.wikimedia.org/wiki/File:Yarra_River_and_Southbank_Bridge_at_sunset_Melbourne_Australia.jpg,https://thumb.wikimedia.org/wikipedia/commons/thumb/1/12/Yarra_River_and_Southbank_Bridge_at_sunset_Melbourne_Australia.jpg/1920px-Yarra_River_and_Southbank_Bridge_at_sunset_Melbourne_Australia.jpg?utm_source=commons.wikimedia.org&utm_campaign=imageinfo&utm_content=thumbnail,MusikAnimal,CC BY-SA 4.0,https://creativecommons.org/licenses/by-sa/4.0,图库高清缩略版本，未裁剪；原图 3200×2368,Melbourne skyline Yarra River,2026-09-27
02_城市,hawaii,夏威夷,02_城市/夏威夷__hawaii.jpg,1920 × 1275,1920,1275,734081,File:Waikiki Beach (2024)-L1004709.jpg,https://commons.wikimedia.org/wiki/File:Waikiki_Beach_(2024)-L1004709.jpg,https://thumb.wikimedia.org/wikipedia/commons/thumb/2/28/Waikiki_Beach_%282024%29-L1004709.jpg/1920px-Waikiki_Beach_%282024%29-L1004709.jpg?utm_source=commons.wikimedia.org&utm_campaign=imageinfo&utm_content=thumbnail,Frank Schulenburg,CC BY-SA 4.0,https://creativecommons.org/licenses/by-sa/4.0,图库高清缩略版本，未裁剪；原图 8487×5637,Waikiki Diamond Head beach,2026-09-27
02_城市,osaka,大阪,02_城市/大阪__osaka.jpg,1920 × 1257,1920,1257,871021,File:Osaka Castle 02bs3200.jpg,https://commons.wikimedia.org/wiki/File:Osaka_Castle_02bs3200.jpg,https://thumb.wikimedia.org/wikipedia/commons/thumb/e/e4/Osaka_Castle_02bs3200.jpg/1920px-Osaka_Castle_02bs3200.jpg?utm_source=commons.wikimedia.org&utm_campaign=imageinfo&utm_content=thumbnail,663highland,CC BY 2.5,https://creativecommons.org/licenses/by/2.5,图库高清缩略版本，未裁剪；原图 4167×2728,Osaka Castle,2026-09-27
02_城市,auckland,奥克兰,02_城市/奥克兰__auckland.jpg,1920 × 1280,1920,1280,614907,File:Auckland CBD skyline from Waitemata Harbour entrance.jpg,https://commons.wikimedia.org/wiki/File:Auckland_CBD_skyline_from_Waitemata_Harbour_entrance.jpg,https://thumb.wikimedia.org/wikipedia/commons/thumb/3/37/Auckland_CBD_skyline_from_Waitemata_Harbour_entrance.jpg/1920px-Auckland_CBD_skyline_from_Waitemata_Harbour_entrance.jpg?utm_source=commons.wikimedia.org&utm_campaign=imageinfo&utm_content=thumbnail,Pseudopanax at English Wikipedia,Public domain,,图库高清缩略版本，未裁剪；原图 4896×3264,Auckland skyline harbour,2026-09-27
02_城市,bali,巴厘岛,02_城市/巴厘岛__bali.jpg,1920 × 1440,1920,1440,919572,"File:Pura Ulun Danu Bratan, 2022.jpg","https://commons.wikimedia.org/wiki/File:Pura_Ulun_Danu_Bratan,_2022.jpg",https://thumb.wikimedia.org/wikipedia/commons/thumb/7/77/Pura_Ulun_Danu_Bratan%2C_2022.jpg/1920px-Pura_Ulun_Danu_Bratan%2C_2022.jpg?utm_source=commons.wikimedia.org&utm_campaign=imageinfo&utm_content=thumbnail,LukeTriton,CC BY-SA 4.0,https://creativecommons.org/licenses/by-sa/4.0,图库高清缩略版本，未裁剪；原图 4032×3024,Bali Ulun Danu Bratan temple,2026-09-27
02_城市,sydney,悉尼,02_城市/悉尼__sydney.jpg,3918 × 2938,3918,2938,3350105,"File:Under the Sydney Harbour Bridge, skyline of Sydney CBD, 2023.jpg","https://commons.wikimedia.org/wiki/File:Under_the_Sydney_Harbour_Bridge,_skyline_of_Sydney_CBD,_2023.jpg",https://upload.wikimedia.org/wikipedia/commons/d/d2/Under_the_Sydney_Harbour_Bridge%2C_skyline_of_Sydney_CBD%2C_2023.jpg?utm_source=commons.wikimedia.org&utm_campaign=imageinfo&utm_content=original,Chris Olszewski,CC BY-SA 4.0,https://creativecommons.org/licenses/by-sa/4.0,,Sydney Harbour skyline,2026-09-27
02_城市,fiji,斐济,02_城市/斐济__fiji.jpg,1920 × 1080,1920,1080,535680,File:Monuriki Island 20150108.jpg,https://commons.wikimedia.org/wiki/File:Monuriki_Island_20150108.jpg,https://thumb.wikimedia.org/wikipedia/commons/thumb/1/12/Monuriki_Island_20150108.jpg/1920px-Monuriki_Island_20150108.jpg?utm_source=commons.wikimedia.org&utm_campaign=imageinfo&utm_content=thumbnail,KhufuOsiris,CC BY-SA 4.0,https://creativecommons.org/licenses/by-sa/4.0,图库高清缩略版本，未裁剪；原图 5312×2988,Fiji Mamanuca islands beach,2026-09-27
02_城市,phuket,普吉岛,02_城市/普吉岛__phuket.jpg,1920 × 1440,1920,1440,638935,File:Phuket - Kata Beach 001.jpg,https://commons.wikimedia.org/wiki/File:Phuket_-_Kata_Beach_001.jpg,https://thumb.wikimedia.org/wikipedia/commons/thumb/a/aa/Phuket_-_Kata_Beach_001.jpg/1920px-Phuket_-_Kata_Beach_001.jpg?utm_source=commons.wikimedia.org&utm_campaign=imageinfo&utm_content=thumbnail,ADwarf,Public domain,,图库高清缩略版本，未裁剪；原图 4416×3312,Phuket Kata beach,2026-09-27
02_城市,bangkok,曼谷,02_城市/曼谷__bangkok.jpg,1920 × 1275,1920,1275,951540,File:Wat Arun Bangkok View Photo Don Ramey Logan.jpg,https://commons.wikimedia.org/wiki/File:Wat_Arun_Bangkok_View_Photo_Don_Ramey_Logan.jpg,https://thumb.wikimedia.org/wikipedia/commons/thumb/4/43/Wat_Arun_Bangkok_View_Photo_Don_Ramey_Logan.jpg/1920px-Wat_Arun_Bangkok_View_Photo_Don_Ramey_Logan.jpg?utm_source=commons.wikimedia.org&utm_campaign=imageinfo&utm_content=thumbnail,Don Ramey Logan,CC BY-SA 3.0,https://creativecommons.org/licenses/by-sa/3.0,图库高清缩略版本，未裁剪；原图 4288×2848,Bangkok Wat Arun river,2026-09-27
02_城市,losangeles,洛杉矶,02_城市/洛杉矶__losangeles.jpg,1920 × 1078,1920,1078,507427,File:20190616154621!Echo Park Lake with Downtown Los Angeles Skyline.jpg,https://commons.wikimedia.org/wiki/File:20190616154621!Echo_Park_Lake_with_Downtown_Los_Angeles_Skyline.jpg,https://thumb.wikimedia.org/wikipedia/commons/thumb/3/32/20190616154621%21Echo_Park_Lake_with_Downtown_Los_Angeles_Skyline.jpg/1920px-20190616154621%21Echo_Park_Lake_with_Downtown_Los_Angeles_Skyline.jpg?utm_source=commons.wikimedia.org&utm_campaign=imageinfo&utm_content=thumbnail,Adoramassey,CC BY-SA 4.0,https://creativecommons.org/licenses/by-sa/4.0,图库高清缩略版本，未裁剪；原图 3992×2242,Los Angeles downtown skyline,2026-09-27
02_城市,au others,澳洲其他热门城市,02_城市/澳洲其他热门城市__au others.jpg,1920 × 1440,1920,1440,493790,"File:Esplanade Lagoon, Cairns, 2025, 12.jpg","https://commons.wikimedia.org/wiki/File:Esplanade_Lagoon,_Cairns,_2025,_12.jpg",https://thumb.wikimedia.org/wikipedia/commons/thumb/a/a6/Esplanade_Lagoon%2C_Cairns%2C_2025%2C_12.jpg/1920px-Esplanade_Lagoon%2C_Cairns%2C_2025%2C_12.jpg?utm_source=commons.wikimedia.org&utm_campaign=imageinfo&utm_content=thumbnail,Chris Olszewski,CC BY-SA 4.0,https://creativecommons.org/licenses/by-sa/4.0,分类示意图：凯恩斯；图库高清缩略版本，未裁剪；原图 8064×6048,Cairns Esplanade lagoon,2026-09-27
02_城市,queenstown,皇后镇,02_城市/皇后镇__queenstown.jpg,1920 × 1280,1920,1280,708997,File:Queenstown Bay Lake Wakatipu 01.jpg,https://commons.wikimedia.org/wiki/File:Queenstown_Bay_Lake_Wakatipu_01.jpg,https://thumb.wikimedia.org/wikipedia/commons/thumb/3/34/Queenstown_Bay_Lake_Wakatipu_01.jpg/1920px-Queenstown_Bay_Lake_Wakatipu_01.jpg?utm_source=commons.wikimedia.org&utm_campaign=imageinfo&utm_content=thumbnail,Krzysztof Golik,CC BY-SA 4.0,https://creativecommons.org/licenses/by-sa/4.0,图库高清缩略版本，未裁剪；原图 3010×2007,Queenstown Lake Wakatipu,2026-09-27
02_城市,newyork,纽约,02_城市/纽约__newyork.jpg,1920 × 1080,1920,1080,489195,"File:Lower Manhattan, New York skyline from Liberty Island 2021.jpg","https://commons.wikimedia.org/wiki/File:Lower_Manhattan,_New_York_skyline_from_Liberty_Island_2021.jpg",https://thumb.wikimedia.org/wikipedia/commons/thumb/1/1e/Lower_Manhattan%2C_New_York_skyline_from_Liberty_Island_2021.jpg/1920px-Lower_Manhattan%2C_New_York_skyline_from_Liberty_Island_2021.jpg?utm_source=commons.wikimedia.org&utm_campaign=imageinfo&utm_content=thumbnail,Percival Kestreltail,CC BY-SA 3.0,https://creativecommons.org/licenses/by-sa/3.0,图库高清缩略版本，未裁剪；原图 4210×2368,New York Manhattan skyline,2026-09-27
02_城市,xi'an,西安,02_城市/西安__xi'an.jpg,1920 × 1272,1920,1272,547306,File:Xi'an Bell Tower 50910-Xian (28004384826).jpg,https://commons.wikimedia.org/wiki/File:Xi%27an_Bell_Tower_50910-Xian_(28004384826).jpg,https://thumb.wikimedia.org/wikipedia/commons/thumb/4/42/Xi%27an_Bell_Tower_50910-Xian_%2828004384826%29.jpg/1920px-Xi%27an_Bell_Tower_50910-Xian_%2828004384826%29.jpg?utm_source=commons.wikimedia.org&utm_campaign=imageinfo&utm_content=thumbnail,xiquinhosilva,CC BY 2.0,https://creativecommons.org/licenses/by/2.0,图库高清缩略版本，未裁剪；原图 3000×1987,Xian Bell Tower,2026-09-27
02_城市,adelaide,阿德莱德,02_城市/阿德莱德__adelaide.jpg,6759 × 4505,6759,4505,7333480,"File:Adelaide CBD skyline across the River Torrens, July 2026 (028A8462).jpg","https://commons.wikimedia.org/wiki/File:Adelaide_CBD_skyline_across_the_River_Torrens,_July_2026_(028A8462).jpg",https://upload.wikimedia.org/wikipedia/commons/6/60/Adelaide_CBD_skyline_across_the_River_Torrens%2C_July_2026_%28028A8462%29.jpg?utm_source=commons.wikimedia.org&utm_campaign=imageinfo&utm_content=original,Yu Chu Chin,CC BY-SA 4.0,https://creativecommons.org/licenses/by-sa/4.0,,Adelaide skyline River Torrens,2026-09-27
02_城市,maldives,马尔代夫,02_城市/马尔代夫__maldives.jpg,1920 × 1199,1920,1199,443771,File:Bathala (Maldives) 2.jpg,https://commons.wikimedia.org/wiki/File:Bathala_(Maldives)_2.jpg,https://thumb.wikimedia.org/wikipedia/commons/thumb/a/a8/Bathala_%28Maldives%29_2.jpg/1920px-Bathala_%28Maldives%29_2.jpg?utm_source=commons.wikimedia.org&utm_campaign=imageinfo&utm_content=thumbnail,Gzzz,CC BY-SA 4.0,https://creativecommons.org/licenses/by-sa/4.0,图库高清缩略版本，未裁剪；原图 4747×2964,Maldives island aerial,2026-09-27
02_城市,gold coast,黄金海岸,02_城市/黄金海岸__gold coast.jpg,5000 × 3373,5000,3373,16365950,"File:Surfers Paradise Beach, Gold Coast, Queensland, Australia.jpg","https://commons.wikimedia.org/wiki/File:Surfers_Paradise_Beach,_Gold_Coast,_Queensland,_Australia.jpg",https://upload.wikimedia.org/wikipedia/commons/5/5e/Surfers_Paradise_Beach%2C_Gold_Coast%2C_Queensland%2C_Australia.jpg?utm_source=commons.wikimedia.org&utm_campaign=imageinfo&utm_content=original,Jack Bain,CC BY 4.0,https://creativecommons.org/licenses/by/4.0,,Gold Coast Surfers Paradise beach skyline,2026-09-27
03_线路,sh-3days,上海三日游,03_线路/上海三日游__sh-3days.jpg,1920 × 1254,1920,1254,251100,File:The Bund at night.jpg,https://commons.wikimedia.org/wiki/File:The_Bund_at_night.jpg,https://thumb.wikimedia.org/wikipedia/commons/thumb/b/bc/The_Bund_at_night.jpg/1920px-The_Bund_at_night.jpg?utm_source=commons.wikimedia.org&utm_campaign=imageinfo&utm_content=thumbnail,Pauloleong2002,CC BY-SA 4.0,https://creativecommons.org/licenses/by-sa/4.0,路线代表景点，不代表全部行程；图库高清缩略版本，未裁剪；原图 2703×1766,Shanghai Bund waterfront,2026-09-27
03_线路,mel-phillip,企鹅岛,03_线路/企鹅岛__mel-phillip.jpg,1920 × 1280,1920,1280,528234,File:The Nobbies Phillip Island Nature Parks.jpg,https://commons.wikimedia.org/wiki/File:The_Nobbies_Phillip_Island_Nature_Parks.jpg,https://thumb.wikimedia.org/wikipedia/commons/thumb/8/82/The_Nobbies_Phillip_Island_Nature_Parks.jpg/1920px-The_Nobbies_Phillip_Island_Nature_Parks.jpg?utm_source=commons.wikimedia.org&utm_campaign=imageinfo&utm_content=thumbnail,urxx,CC BY-SA 4.0,https://creativecommons.org/licenses/by-sa/4.0,菲利普岛海岸；不承诺企鹅现场照片；图库高清缩略版本，未裁剪；原图 4896×3264,Phillip Island Nobbies,2026-09-27
03_线路,bj-3days,北京三日游,03_线路/北京三日游__bj-3days.jpg,1920 × 1280,1920,1280,734227,"File:Temple of Heaven, Beijing - February 2024.jpg","https://commons.wikimedia.org/wiki/File:Temple_of_Heaven,_Beijing_-_February_2024.jpg",https://thumb.wikimedia.org/wikipedia/commons/thumb/9/9a/Temple_of_Heaven%2C_Beijing_-_February_2024.jpg/1920px-Temple_of_Heaven%2C_Beijing_-_February_2024.jpg?utm_source=commons.wikimedia.org&utm_campaign=imageinfo&utm_content=thumbnail,Lloyd Tudor,CC BY-SA 4.0,https://creativecommons.org/licenses/by-sa/4.0,路线代表景点，不代表全部行程；图库高清缩略版本，未裁剪；原图 6000×4000,Temple of Heaven Beijing,2026-09-27
03_线路,syd-kiama,卧龙岗,03_线路/卧龙岗__syd-kiama.jpg,1920 × 1266,1920,1266,602906,File:Wollongong Harbour Flagstaff Lighthouse.jpg,https://commons.wikimedia.org/wiki/File:Wollongong_Harbour_Flagstaff_Lighthouse.jpg,https://thumb.wikimedia.org/wikipedia/commons/thumb/c/ca/Wollongong_Harbour_Flagstaff_Lighthouse.jpg/1920px-Wollongong_Harbour_Flagstaff_Lighthouse.jpg?utm_source=commons.wikimedia.org&utm_campaign=imageinfo&utm_content=thumbnail,russellstreet,CC BY-SA 2.0,https://creativecommons.org/licenses/by-sa/2.0,按 route_name 卧龙岗配图；ID 含 kiama，不据此改为凯阿马；图库高清缩略版本，未裁剪；原图 5616×3703,Wollongong lighthouse harbour,2026-09-27
03_线路,mel-city,墨尔本市区游,03_线路/墨尔本市区游__mel-city.jpg,1920 × 1440,1920,1440,727105,"File:Flinders Street Station Main Building, May 2019.jpg","https://commons.wikimedia.org/wiki/File:Flinders_Street_Station_Main_Building,_May_2019.jpg",https://thumb.wikimedia.org/wikipedia/commons/thumb/0/05/Flinders_Street_Station_Main_Building%2C_May_2019.jpg/1920px-Flinders_Street_Station_Main_Building%2C_May_2019.jpg?utm_source=commons.wikimedia.org&utm_campaign=imageinfo&utm_content=thumbnail,Medelam,CC BY-SA 4.0,https://creativecommons.org/licenses/by-sa/4.0,图库高清缩略版本，未裁剪；原图 4096×3072,Flinders Street Station Melbourne,2026-09-27
03_线路,mel-transfer,墨尔本接送机,03_线路/墨尔本接送机__mel-transfer.jpg,1632 × 1224,1632,1224,321293,File:Melbourne Airport Terminal 1 Exterior.jpg,https://commons.wikimedia.org/wiki/File:Melbourne_Airport_Terminal_1_Exterior.jpg,https://upload.wikimedia.org/wikipedia/commons/6/66/Melbourne_Airport_Terminal_1_Exterior.jpg?utm_source=commons.wikimedia.org&utm_campaign=imageinfo&utm_content=thumbnail_unscaled,Alan Isherwood,CC BY 2.0,https://creativecommons.org/licenses/by/2.0,接送机主题图：机场，不代表具体车型或接送服务；图库高清缩略版本，未裁剪；原图 1632×1224,Melbourne Airport terminal exterior,2026-09-27
03_线路,mel-ocean,大洋路,03_线路/大洋路__mel-ocean.jpg,1920 × 1280,1920,1280,629703,"File:Princetown (AU), Port Campbell National Park, Twelve Apostles -- 2019 -- 0969.jpg","https://commons.wikimedia.org/wiki/File:Princetown_(AU),_Port_Campbell_National_Park,_Twelve_Apostles_--_2019_--_0969.jpg",https://thumb.wikimedia.org/wikipedia/commons/thumb/d/d7/Princetown_%28AU%29%2C_Port_Campbell_National_Park%2C_Twelve_Apostles_--_2019_--_0969.jpg/1920px-Princetown_%28AU%29%2C_Port_Campbell_National_Park%2C_Twelve_Apostles_--_2019_--_0969.jpg?utm_source=commons.wikimedia.org&utm_campaign=imageinfo&utm_content=thumbnail,Dietmar Rabich,CC BY-SA 4.0,https://creativecommons.org/licenses/by-sa/4.0,图库高清缩略版本，未裁剪；原图 6704×4469,Twelve Apostles Great Ocean Road,2026-09-27
03_线路,adl-barossa,巴罗萨酒庄,03_线路/巴罗萨酒庄__adl-barossa.jpg,1920 × 1200,1920,1200,750617,File:View of Barossa Valley from Mengler Hill 20230207-3.jpg,https://commons.wikimedia.org/wiki/File:View_of_Barossa_Valley_from_Mengler_Hill_20230207-3.jpg,https://thumb.wikimedia.org/wikipedia/commons/thumb/d/d7/View_of_Barossa_Valley_from_Mengler_Hill_20230207-3.jpg/1920px-View_of_Barossa_Valley_from_Mengler_Hill_20230207-3.jpg?utm_source=commons.wikimedia.org&utm_campaign=imageinfo&utm_content=thumbnail,User:DXR,CC BY-SA 4.0,https://creativecommons.org/licenses/by-sa/4.0,图库高清缩略版本，未裁剪；原图 7860×4913,Barossa Valley vineyard,2026-09-27
03_线路,syd-city,悉尼市区游,03_线路/悉尼市区游__syd-city.jpg,1920 × 1280,1920,1280,578367,File:Sydney opera house side view.jpg,https://commons.wikimedia.org/wiki/File:Sydney_opera_house_side_view.jpg,https://thumb.wikimedia.org/wikipedia/commons/thumb/3/38/Sydney_opera_house_side_view.jpg/1920px-Sydney_opera_house_side_view.jpg?utm_source=commons.wikimedia.org&utm_campaign=imageinfo&utm_content=thumbnail,"Mfield, Matthew Field, http://www.photography.mattfield.com",CC BY-SA 3.0,https://creativecommons.org/licenses/by-sa/3.0,图库高清缩略版本，未裁剪；原图 3072×2048,Sydney Opera House,2026-09-27
03_线路,syd-transfer,悉尼接送机,03_线路/悉尼接送机__syd-transfer.jpg,1920 × 1121,1920,1121,481430,File:Terminal3 cropped.jpg,https://commons.wikimedia.org/wiki/File:Terminal3_cropped.jpg,https://thumb.wikimedia.org/wikipedia/commons/thumb/b/bf/Terminal3_cropped.jpg/1920px-Terminal3_cropped.jpg?utm_source=commons.wikimedia.org&utm_campaign=imageinfo&utm_content=thumbnail,Sam Wilson  (taken with LG G6),CC BY-SA 4.0,https://creativecommons.org/licenses/by-sa/4.0,接送机主题图：机场，不代表具体车型或接送服务；图库高清缩略版本，未裁剪；原图 2836×1656,Sydney Airport international terminal exterior,2026-09-27
03_线路,adl-pinklake,粉湖,03_线路/粉湖__adl-pinklake.jpg,1920 × 1440,1920,1440,624067,"File:Bumbunga Lake, Lochiel 20241024-112057.jpg","https://commons.wikimedia.org/wiki/File:Bumbunga_Lake,_Lochiel_20241024-112057.jpg",https://thumb.wikimedia.org/wikipedia/commons/thumb/a/aa/Bumbunga_Lake%2C_Lochiel_20241024-112057.jpg/1920px-Bumbunga_Lake%2C_Lochiel_20241024-112057.jpg?utm_source=commons.wikimedia.org&utm_campaign=imageinfo&utm_content=thumbnail,RegionVisitor90,CC0,http://creativecommons.org/publicdomain/zero/1.0/deed.en,暂按南澳 Bumbunga Lake 配图；粉湖具体地点待确认；图库高清缩略版本，未裁剪；原图 4032×3024,Lake Bumbunga pink,2026-09-27
03_线路,syd-bluemt,蓝山,03_线路/蓝山__syd-bluemt.jpg,1920 × 1440,1920,1440,1060203,File:Blue Mountains - Three Sisters.jpg,https://commons.wikimedia.org/wiki/File:Blue_Mountains_-_Three_Sisters.jpg,https://thumb.wikimedia.org/wikipedia/commons/thumb/9/90/Blue_Mountains_-_Three_Sisters.jpg/1920px-Blue_Mountains_-_Three_Sisters.jpg?utm_source=commons.wikimedia.org&utm_campaign=imageinfo&utm_content=thumbnail,-jkb-,CC BY-SA 3.0,https://creativecommons.org/licenses/by-sa/3.0,图库高清缩略版本，未裁剪；原图 5184×3888,Three Sisters Blue Mountains Echo Point,2026-09-27
03_线路,adl-kangroo,袋鼠岛,03_线路/袋鼠岛__adl-kangroo.jpg,1920 × 1280,1920,1280,828615,File:Remarkable Rocks 02.jpg,https://commons.wikimedia.org/wiki/File:Remarkable_Rocks_02.jpg,https://thumb.wikimedia.org/wikipedia/commons/thumb/b/b3/Remarkable_Rocks_02.jpg/1920px-Remarkable_Rocks_02.jpg?utm_source=commons.wikimedia.org&utm_campaign=imageinfo&utm_content=thumbnail,Bernard Gagnon,CC BY-SA 4.0,https://creativecommons.org/licenses/by-sa/4.0,图库高清缩略版本，未裁剪；原图 5144×3429,Remarkable Rocks Kangaroo Island,2026-09-27
03_线路,xa-3days,西安三日游,03_线路/西安三日游__xa-3days.jpg,1920 × 1272,1920,1272,743661,File:City wall of Xi'an 51550-Xian (27959363326).jpg,https://commons.wikimedia.org/wiki/File:City_wall_of_Xi%27an_51550-Xian_(27959363326).jpg,https://thumb.wikimedia.org/wikipedia/commons/thumb/3/32/City_wall_of_Xi%27an_51550-Xian_%2827959363326%29.jpg/1920px-City_wall_of_Xi%27an_51550-Xian_%2827959363326%29.jpg?utm_source=commons.wikimedia.org&utm_campaign=imageinfo&utm_content=thumbnail,xiquinhosilva,CC BY 2.0,https://creativecommons.org/licenses/by/2.0,路线代表景点，不代表全部行程；图库高清缩略版本，未裁剪；原图 3000×1987,Xian city wall,2026-09-27
03_线路,adl-transfer,阿德莱德接送机,03_线路/阿德莱德接送机__adl-transfer.jpg,1920 × 1280,1920,1280,438632,File:Virgin Australia domestic terminal Adelaide Airport.jpg,https://commons.wikimedia.org/wiki/File:Virgin_Australia_domestic_terminal_Adelaide_Airport.jpg,https://thumb.wikimedia.org/wikipedia/commons/thumb/0/0f/Virgin_Australia_domestic_terminal_Adelaide_Airport.jpg/1920px-Virgin_Australia_domestic_terminal_Adelaide_Airport.jpg?utm_source=commons.wikimedia.org&utm_campaign=imageinfo&utm_content=thumbnail,Daniel Mee,CC BY 2.0,https://creativecommons.org/licenses/by/2.0,接送机主题图：机场，不代表具体车型或接送服务；图库高清缩略版本，未裁剪；原图 3888×2592,Adelaide Airport terminal exterior,2026-09-27
03_线路,mel-wine,雅拉谷酒庄行,03_线路/雅拉谷酒庄行__mel-wine.jpg,1920 × 1421,1920,1421,656541,File:Rochford Wines vineyard in Yarra Valley Australia.jpg,https://commons.wikimedia.org/wiki/File:Rochford_Wines_vineyard_in_Yarra_Valley_Australia.jpg,https://thumb.wikimedia.org/wikipedia/commons/thumb/9/92/Rochford_Wines_vineyard_in_Yarra_Valley_Australia.jpg/1920px-Rochford_Wines_vineyard_in_Yarra_Valley_Australia.jpg?utm_source=commons.wikimedia.org&utm_campaign=imageinfo&utm_content=thumbnail,MusikAnimal,CC BY-SA 4.0,https://creativecommons.org/licenses/by-sa/4.0,图库高清缩略版本，未裁剪；原图 3200×2368,Yarra Valley vineyard,2026-09-27
